year,GEOID,NAME,variable,estimate,moe
2005,4748000,"Memphis city, Tennessee",B07011_001,19914,670
2005,4748000,"Memphis city, Tennessee",B07011_002,21401,747
2005,4748000,"Memphis city, Tennessee",B07011_003,15624,2075
2005,4748000,"Memphis city, Tennessee",B07011_004,9462,4535
2005,4748000,"Memphis city, Tennessee",B07011_005,16229,1843
2005,4748000,"Memphis city, Tennessee",B07011_006,4789,10667
2006,4748000,"Memphis city, Tennessee",B07011_001,20016,703
2006,4748000,"Memphis city, Tennessee",B07011_002,20691,712
2006,4748000,"Memphis city, Tennessee",B07011_003,15812,1422
2006,4748000,"Memphis city, Tennessee",B07011_004,14427,11899
2006,4748000,"Memphis city, Tennessee",B07011_005,23867,3748
2006,4748000,"Memphis city, Tennessee",B07011_006,19405,6302
2007,4748000,"Memphis city, Tennessee",B07011_001,20662,465
2007,4748000,"Memphis city, Tennessee",B07011_002,21510,593
2007,4748000,"Memphis city, Tennessee",B07011_003,16110,1445
2007,4748000,"Memphis city, Tennessee",B07011_004,21726,9582
2007,4748000,"Memphis city, Tennessee",B07011_005,20628,4508
2007,4748000,"Memphis city, Tennessee",B07011_006,21753,6190
2008,4748000,"Memphis city, Tennessee",B07011_001,21282,613
2008,4748000,"Memphis city, Tennessee",B07011_002,22679,822
2008,4748000,"Memphis city, Tennessee",B07011_003,16332,1397
2008,4748000,"Memphis city, Tennessee",B07011_004,12344,13161
2008,4748000,"Memphis city, Tennessee",B07011_005,18657,3223
2008,4748000,"Memphis city, Tennessee",B07011_006,12580,10033
2009,4748000,"Memphis city, Tennessee",B07011_001,19359,677
2009,4748000,"Memphis city, Tennessee",B07011_002,20424,809
2009,4748000,"Memphis city, Tennessee",B07011_003,15790,1419
2009,4748000,"Memphis city, Tennessee",B07011_004,11405,4647
2009,4748000,"Memphis city, Tennessee",B07011_005,20383,4403
2009,4748000,"Memphis city, Tennessee",B07011_006,11427,3133
2010,4748000,"Memphis city, Tennessee",B07011_001,21186,619
2010,4748000,"Memphis city, Tennessee",B07011_002,22335,811
2010,4748000,"Memphis city, Tennessee",B07011_003,15585,1206
2010,4748000,"Memphis city, Tennessee",B07011_004,13398,4833
2010,4748000,"Memphis city, Tennessee",B07011_005,22329,3722
2010,4748000,"Memphis city, Tennessee",B07011_006,41375,4522
2011,4748000,"Memphis city, Tennessee",B07011_001,20544,633
2011,4748000,"Memphis city, Tennessee",B07011_002,21626,727
2011,4748000,"Memphis city, Tennessee",B07011_003,16417,1563
2011,4748000,"Memphis city, Tennessee",B07011_004,15860,4804
2011,4748000,"Memphis city, Tennessee",B07011_005,20382,2953
2011,4748000,"Memphis city, Tennessee",B07011_006,12067,10707
2012,4748000,"Memphis city, Tennessee",B07011_001,20561,438
2012,4748000,"Memphis city, Tennessee",B07011_002,21677,531
2012,4748000,"Memphis city, Tennessee",B07011_003,14496,1989
2012,4748000,"Memphis city, Tennessee",B07011_004,11606,3576
2012,4748000,"Memphis city, Tennessee",B07011_005,20901,4181
2012,4748000,"Memphis city, Tennessee",B07011_006,20235,7282
2013,4748000,"Memphis city, Tennessee",B07011_001,21532,526
2013,4748000,"Memphis city, Tennessee",B07011_002,22141,662
2013,4748000,"Memphis city, Tennessee",B07011_003,20075,1547
2013,4748000,"Memphis city, Tennessee",B07011_004,8034,7103
2013,4748000,"Memphis city, Tennessee",B07011_005,21583,3094
2013,4748000,"Memphis city, Tennessee",B07011_006,18361,4434
2014,4748000,"Memphis city, Tennessee",B07011_001,20629,523
2014,4748000,"Memphis city, Tennessee",B07011_002,21203,651
2014,4748000,"Memphis city, Tennessee",B07011_003,16921,1220
2014,4748000,"Memphis city, Tennessee",B07011_004,15379,3600
2014,4748000,"Memphis city, Tennessee",B07011_005,21589,2464
2014,4748000,"Memphis city, Tennessee",B07011_006,20095,16816
2015,4748000,"Memphis city, Tennessee",B07011_001,21851,442
2015,4748000,"Memphis city, Tennessee",B07011_002,22285,556
2015,4748000,"Memphis city, Tennessee",B07011_003,18102,1722
2015,4748000,"Memphis city, Tennessee",B07011_004,17178,14876
2015,4748000,"Memphis city, Tennessee",B07011_005,23736,2997
2015,4748000,"Memphis city, Tennessee",B07011_006,19648,4088
2016,4748000,"Memphis city, Tennessee",B07011_001,23065,942
2016,4748000,"Memphis city, Tennessee",B07011_002,23846,1018
2016,4748000,"Memphis city, Tennessee",B07011_003,20077,1669
2016,4748000,"Memphis city, Tennessee",B07011_004,26631,6011
2016,4748000,"Memphis city, Tennessee",B07011_005,21596,9304
2016,4748000,"Memphis city, Tennessee",B07011_006,22622,8136
2017,4748000,"Memphis city, Tennessee",B07011_001,23870,906
2017,4748000,"Memphis city, Tennessee",B07011_002,24017,1008
2017,4748000,"Memphis city, Tennessee",B07011_003,22295,1813
2017,4748000,"Memphis city, Tennessee",B07011_004,21176,4791
2017,4748000,"Memphis city, Tennessee",B07011_005,26593,3164
2017,4748000,"Memphis city, Tennessee",B07011_006,12039,23231
2018,4748000,"Memphis city, Tennessee",B07011_001,24252,989
2018,4748000,"Memphis city, Tennessee",B07011_002,24990,959
2018,4748000,"Memphis city, Tennessee",B07011_003,19898,2788
2018,4748000,"Memphis city, Tennessee",B07011_004,18345,8971
2018,4748000,"Memphis city, Tennessee",B07011_005,26532,2806
2018,4748000,"Memphis city, Tennessee",B07011_006,13934,17686
2019,4748000,"Memphis city, Tennessee",B07011_001,25790,722
2019,4748000,"Memphis city, Tennessee",B07011_002,26077,806
2019,4748000,"Memphis city, Tennessee",B07011_003,21492,1184
2019,4748000,"Memphis city, Tennessee",B07011_004,26634,6958
2019,4748000,"Memphis city, Tennessee",B07011_005,29002,4134
2019,4748000,"Memphis city, Tennessee",B07011_006,19932,32889
2005,4748000,"Memphis city, Tennessee",B07013_001,630694,10196
2005,4748000,"Memphis city, Tennessee",B07013_002,358361,11705
2005,4748000,"Memphis city, Tennessee",B07013_003,272333,12524
2005,4748000,"Memphis city, Tennessee",B07013_004,486133,14460
2005,4748000,"Memphis city, Tennessee",B07013_005,322983,11282
2005,4748000,"Memphis city, Tennessee",B07013_006,163150,11477
2005,4748000,"Memphis city, Tennessee",B07013_007,114688,10959
2005,4748000,"Memphis city, Tennessee",B07013_008,25988,5453
2005,4748000,"Memphis city, Tennessee",B07013_009,88700,10969
2005,4748000,"Memphis city, Tennessee",B07013_010,3645,1517
2005,4748000,"Memphis city, Tennessee",B07013_011,1403,719
2005,4748000,"Memphis city, Tennessee",B07013_012,2242,1134
2005,4748000,"Memphis city, Tennessee",B07013_013,23479,4943
2005,4748000,"Memphis city, Tennessee",B07013_014,7793,2918
2005,4748000,"Memphis city, Tennessee",B07013_015,15686,4053
2005,4748000,"Memphis city, Tennessee",B07013_016,2749,1633
2005,4748000,"Memphis city, Tennessee",B07013_017,194,164
2005,4748000,"Memphis city, Tennessee",B07013_018,2555,1628
2006,4748000,"Memphis city, Tennessee",B07013_001,609171,9895
2006,4748000,"Memphis city, Tennessee",B07013_002,340664,13052
2006,4748000,"Memphis city, Tennessee",B07013_003,268507,12685
2006,4748000,"Memphis city, Tennessee",B07013_004,485448,12237
2006,4748000,"Memphis city, Tennessee",B07013_005,313560,12961
2006,4748000,"Memphis city, Tennessee",B07013_006,171888,11739
2006,4748000,"Memphis city, Tennessee",B07013_007,101977,10168
2006,4748000,"Memphis city, Tennessee",B07013_008,21239,4538
2006,4748000,"Memphis city, Tennessee",B07013_009,80738,9123
2006,4748000,"Memphis city, Tennessee",B07013_010,4183,2443
2006,4748000,"Memphis city, Tennessee",B07013_011,1530,1691
2006,4748000,"Memphis city, Tennessee",B07013_012,2653,1376
2006,4748000,"Memphis city, Tennessee",B07013_013,15193,2998
2006,4748000,"Memphis city, Tennessee",B07013_014,3647,1150
2006,4748000,"Memphis city, Tennessee",B07013_015,11546,2862
2006,4748000,"Memphis city, Tennessee",B07013_016,2370,872
2006,4748000,"Memphis city, Tennessee",B07013_017,688,488
2006,4748000,"Memphis city, Tennessee",B07013_018,1682,676
2007,4748000,"Memphis city, Tennessee",B07013_001,611009,9854
2007,4748000,"Memphis city, Tennessee",B07013_002,338890,13201
2007,4748000,"Memphis city, Tennessee",B07013_003,272119,12662
2007,4748000,"Memphis city, Tennessee",B07013_004,487862,16278
2007,4748000,"Memphis city, Tennessee",B07013_005,313724,13850
2007,4748000,"Memphis city, Tennessee",B07013_006,174138,12416
2007,4748000,"Memphis city, Tennessee",B07013_007,100205,10865
2007,4748000,"Memphis city, Tennessee",B07013_008,17811,3101
2007,4748000,"Memphis city, Tennessee",B07013_009,82394,10081
2007,4748000,"Memphis city, Tennessee",B07013_010,4357,1314
2007,4748000,"Memphis city, Tennessee",B07013_011,1557,795
2007,4748000,"Memphis city, Tennessee",B07013_012,2800,1067
2007,4748000,"Memphis city, Tennessee",B07013_013,15794,2987
2007,4748000,"Memphis city, Tennessee",B07013_014,5127,1564
2007,4748000,"Memphis city, Tennessee",B07013_015,10667,2541
2007,4748000,"Memphis city, Tennessee",B07013_016,2791,1272
2007,4748000,"Memphis city, Tennessee",B07013_017,671,384
2007,4748000,"Memphis city, Tennessee",B07013_018,2120,1114
2008,4748000,"Memphis city, Tennessee",B07013_001,606987,10880
2008,4748000,"Memphis city, Tennessee",B07013_002,342868,10661
2008,4748000,"Memphis city, Tennessee",B07013_003,264119,10962
2008,4748000,"Memphis city, Tennessee",B07013_004,473121,12143
2008,4748000,"Memphis city, Tennessee",B07013_005,313426,9511
2008,4748000,"Memphis city, Tennessee",B07013_006,159695,10273
2008,4748000,"Memphis city, Tennessee",B07013_007,111393,9987
2008,4748000,"Memphis city, Tennessee",B07013_008,23995,4666
2008,4748000,"Memphis city, Tennessee",B07013_009,87398,9202
2008,4748000,"Memphis city, Tennessee",B07013_010,3497,1114
2008,4748000,"Memphis city, Tennessee",B07013_011,904,514
2008,4748000,"Memphis city, Tennessee",B07013_012,2593,1124
2008,4748000,"Memphis city, Tennessee",B07013_013,15099,2323
2008,4748000,"Memphis city, Tennessee",B07013_014,3892,1017
2008,4748000,"Memphis city, Tennessee",B07013_015,11207,2232
2008,4748000,"Memphis city, Tennessee",B07013_016,3877,2122
2008,4748000,"Memphis city, Tennessee",B07013_017,651,355
2008,4748000,"Memphis city, Tennessee",B07013_018,3226,2098
2009,4748000,"Memphis city, Tennessee",B07013_001,647105,4768
2009,4748000,"Memphis city, Tennessee",B07013_002,349084,14610
2009,4748000,"Memphis city, Tennessee",B07013_003,298021,14319
2009,4748000,"Memphis city, Tennessee",B07013_004,520401,12094
2009,4748000,"Memphis city, Tennessee",B07013_005,329974,14204
2009,4748000,"Memphis city, Tennessee",B07013_006,190427,13153
2009,4748000,"Memphis city, Tennessee",B07013_007,103709,10639
2009,4748000,"Memphis city, Tennessee",B07013_008,15225,3387
2009,4748000,"Memphis city, Tennessee",B07013_009,88484,10538
2009,4748000,"Memphis city, Tennessee",B07013_010,4176,1679
2009,4748000,"Memphis city, Tennessee",B07013_011,1296,1094
2009,4748000,"Memphis city, Tennessee",B07013_012,2880,1293
2009,4748000,"Memphis city, Tennessee",B07013_013,17458,3900
2009,4748000,"Memphis city, Tennessee",B07013_014,2333,1079
2009,4748000,"Memphis city, Tennessee",B07013_015,15125,3841
2009,4748000,"Memphis city, Tennessee",B07013_016,1361,772
2009,4748000,"Memphis city, Tennessee",B07013_017,256,312
2009,4748000,"Memphis city, Tennessee",B07013_018,1105,716
2010,4748000,"Memphis city, Tennessee",B07013_001,618624,5241
2010,4748000,"Memphis city, Tennessee",B07013_002,321530,10664
2010,4748000,"Memphis city, Tennessee",B07013_003,297094,10786
2010,4748000,"Memphis city, Tennessee",B07013_004,502759,8010
2010,4748000,"Memphis city, Tennessee",B07013_005,301067,10429
2010,4748000,"Memphis city, Tennessee",B07013_006,201692,10989
2010,4748000,"Memphis city, Tennessee",B07013_007,96361,7708
2010,4748000,"Memphis city, Tennessee",B07013_008,16306,3514
2010,4748000,"Memphis city, Tennessee",B07013_009,80055,7369
2010,4748000,"Memphis city, Tennessee",B07013_010,4014,1752
2010,4748000,"Memphis city, Tennessee",B07013_011,797,440
2010,4748000,"Memphis city, Tennessee",B07013_012,3217,1612
2010,4748000,"Memphis city, Tennessee",B07013_013,13537,2473
2010,4748000,"Memphis city, Tennessee",B07013_014,2937,1482
2010,4748000,"Memphis city, Tennessee",B07013_015,10600,2356
2010,4748000,"Memphis city, Tennessee",B07013_016,1953,910
2010,4748000,"Memphis city, Tennessee",B07013_017,423,279
2010,4748000,"Memphis city, Tennessee",B07013_018,1530,870
2011,4748000,"Memphis city, Tennessee",B07013_001,628788,2882
2011,4748000,"Memphis city, Tennessee",B07013_002,314014,12584
2011,4748000,"Memphis city, Tennessee",B07013_003,314774,12392
2011,4748000,"Memphis city, Tennessee",B07013_004,500038,11225
2011,4748000,"Memphis city, Tennessee",B07013_005,295533,12487
2011,4748000,"Memphis city, Tennessee",B07013_006,204505,12684
2011,4748000,"Memphis city, Tennessee",B07013_007,107668,10540
2011,4748000,"Memphis city, Tennessee",B07013_008,13534,3470
2011,4748000,"Memphis city, Tennessee",B07013_009,94134,9503
2011,4748000,"Memphis city, Tennessee",B07013_010,3486,1273
2011,4748000,"Memphis city, Tennessee",B07013_011,605,503
2011,4748000,"Memphis city, Tennessee",B07013_012,2881,1175
2011,4748000,"Memphis city, Tennessee",B07013_013,15086,3372
2011,4748000,"Memphis city, Tennessee",B07013_014,3688,1313
2011,4748000,"Memphis city, Tennessee",B07013_015,11398,3071
2011,4748000,"Memphis city, Tennessee",B07013_016,2510,1303
2011,4748000,"Memphis city, Tennessee",B07013_017,654,466
2011,4748000,"Memphis city, Tennessee",B07013_018,1856,1234
2012,4748000,"Memphis city, Tennessee",B07013_001,629557,2901
2012,4748000,"Memphis city, Tennessee",B07013_002,314390,12301
2012,4748000,"Memphis city, Tennessee",B07013_003,315167,12320
2012,4748000,"Memphis city, Tennessee",B07013_004,512406,8147
2012,4748000,"Memphis city, Tennessee",B07013_005,297301,11962
2012,4748000,"Memphis city, Tennessee",B07013_006,215105,10396
2012,4748000,"Memphis city, Tennessee",B07013_007,91107,7686
2012,4748000,"Memphis city, Tennessee",B07013_008,11279,2395
2012,4748000,"Memphis city, Tennessee",B07013_009,79828,7557
2012,4748000,"Memphis city, Tennessee",B07013_010,5120,1860
2012,4748000,"Memphis city, Tennessee",B07013_011,1027,515
2012,4748000,"Memphis city, Tennessee",B07013_012,4093,1663
2012,4748000,"Memphis city, Tennessee",B07013_013,18188,3794
2012,4748000,"Memphis city, Tennessee",B07013_014,3714,1197
2012,4748000,"Memphis city, Tennessee",B07013_015,14474,3521
2012,4748000,"Memphis city, Tennessee",B07013_016,2736,1163
2012,4748000,"Memphis city, Tennessee",B07013_017,1069,796
2012,4748000,"Memphis city, Tennessee",B07013_018,1667,708
2013,4748000,"Memphis city, Tennessee",B07013_001,627910,2936
2013,4748000,"Memphis city, Tennessee",B07013_002,304640,11148
2013,4748000,"Memphis city, Tennessee",B07013_003,323270,10957
2013,4748000,"Memphis city, Tennessee",B07013_004,509424,9857
2013,4748000,"Memphis city, Tennessee",B07013_005,285684,10951
2013,4748000,"Memphis city, Tennessee",B07013_006,223740,12378
2013,4748000,"Memphis city, Tennessee",B07013_007,96075,8180
2013,4748000,"Memphis city, Tennessee",B07013_008,14529,3167
2013,4748000,"Memphis city, Tennessee",B07013_009,81546,8205
2013,4748000,"Memphis city, Tennessee",B07013_010,3702,1400
2013,4748000,"Memphis city, Tennessee",B07013_011,1008,468
2013,4748000,"Memphis city, Tennessee",B07013_012,2694,1299
2013,4748000,"Memphis city, Tennessee",B07013_013,16368,4486
2013,4748000,"Memphis city, Tennessee",B07013_014,3164,1374
2013,4748000,"Memphis city, Tennessee",B07013_015,13204,4187
2013,4748000,"Memphis city, Tennessee",B07013_016,2341,1141
2013,4748000,"Memphis city, Tennessee",B07013_017,255,241
2013,4748000,"Memphis city, Tennessee",B07013_018,2086,1121
2014,4748000,"Memphis city, Tennessee",B07013_001,634003,2847
2014,4748000,"Memphis city, Tennessee",B07013_002,297703,10858
2014,4748000,"Memphis city, Tennessee",B07013_003,336300,10957
2014,4748000,"Memphis city, Tennessee",B07013_004,512104,9558
2014,4748000,"Memphis city, Tennessee",B07013_005,279553,10557
2014,4748000,"Memphis city, Tennessee",B07013_006,232551,11362
2014,4748000,"Memphis city, Tennessee",B07013_007,96766,8123
2014,4748000,"Memphis city, Tennessee",B07013_008,13574,2825
2014,4748000,"Memphis city, Tennessee",B07013_009,83192,8206
2014,4748000,"Memphis city, Tennessee",B07013_010,4502,1442
2014,4748000,"Memphis city, Tennessee",B07013_011,1121,611
2014,4748000,"Memphis city, Tennessee",B07013_012,3381,1281
2014,4748000,"Memphis city, Tennessee",B07013_013,18886,3931
2014,4748000,"Memphis city, Tennessee",B07013_014,2872,1222
2014,4748000,"Memphis city, Tennessee",B07013_015,16014,3871
2014,4748000,"Memphis city, Tennessee",B07013_016,1745,770
2014,4748000,"Memphis city, Tennessee",B07013_017,583,396
2014,4748000,"Memphis city, Tennessee",B07013_018,1162,695
2015,4748000,"Memphis city, Tennessee",B07013_001,629799,2984
2015,4748000,"Memphis city, Tennessee",B07013_002,300671,13328
2015,4748000,"Memphis city, Tennessee",B07013_003,329128,13627
2015,4748000,"Memphis city, Tennessee",B07013_004,525541,8632
2015,4748000,"Memphis city, Tennessee",B07013_005,280157,12110
2015,4748000,"Memphis city, Tennessee",B07013_006,245384,13093
2015,4748000,"Memphis city, Tennessee",B07013_007,79965,7422
2015,4748000,"Memphis city, Tennessee",B07013_008,14237,3962
2015,4748000,"Memphis city, Tennessee",B07013_009,65728,7104
2015,4748000,"Memphis city, Tennessee",B07013_010,3975,1337
2015,4748000,"Memphis city, Tennessee",B07013_011,1102,605
2015,4748000,"Memphis city, Tennessee",B07013_012,2873,1171
2015,4748000,"Memphis city, Tennessee",B07013_013,17378,4194
2015,4748000,"Memphis city, Tennessee",B07013_014,4164,1495
2015,4748000,"Memphis city, Tennessee",B07013_015,13214,4113
2015,4748000,"Memphis city, Tennessee",B07013_016,2940,1825
2015,4748000,"Memphis city, Tennessee",B07013_017,1011,631
2015,4748000,"Memphis city, Tennessee",B07013_018,1929,1694
2016,4748000,"Memphis city, Tennessee",B07013_001,627754,2652
2016,4748000,"Memphis city, Tennessee",B07013_002,273421,11799
2016,4748000,"Memphis city, Tennessee",B07013_003,354333,12158
2016,4748000,"Memphis city, Tennessee",B07013_004,519360,10652
2016,4748000,"Memphis city, Tennessee",B07013_005,258646,11081
2016,4748000,"Memphis city, Tennessee",B07013_006,260714,11886
2016,4748000,"Memphis city, Tennessee",B07013_007,89249,10378
2016,4748000,"Memphis city, Tennessee",B07013_008,10830,2131
2016,4748000,"Memphis city, Tennessee",B07013_009,78419,10119
2016,4748000,"Memphis city, Tennessee",B07013_010,5491,2660
2016,4748000,"Memphis city, Tennessee",B07013_011,1922,1492
2016,4748000,"Memphis city, Tennessee",B07013_012,3569,2214
2016,4748000,"Memphis city, Tennessee",B07013_013,12112,2475
2016,4748000,"Memphis city, Tennessee",B07013_014,1599,669
2016,4748000,"Memphis city, Tennessee",B07013_015,10513,2398
2016,4748000,"Memphis city, Tennessee",B07013_016,1542,944
2016,4748000,"Memphis city, Tennessee",B07013_017,424,300
2016,4748000,"Memphis city, Tennessee",B07013_018,1118,857
2017,4748000,"Memphis city, Tennessee",B07013_001,629940,2755
2017,4748000,"Memphis city, Tennessee",B07013_002,295884,10542
2017,4748000,"Memphis city, Tennessee",B07013_003,334056,10943
2017,4748000,"Memphis city, Tennessee",B07013_004,533649,8300
2017,4748000,"Memphis city, Tennessee",B07013_005,278822,10513
2017,4748000,"Memphis city, Tennessee",B07013_006,254827,12351
2017,4748000,"Memphis city, Tennessee",B07013_007,75649,7862
2017,4748000,"Memphis city, Tennessee",B07013_008,11945,2125
2017,4748000,"Memphis city, Tennessee",B07013_009,63704,7707
2017,4748000,"Memphis city, Tennessee",B07013_010,4855,1918
2017,4748000,"Memphis city, Tennessee",B07013_011,548,407
2017,4748000,"Memphis city, Tennessee",B07013_012,4307,1881
2017,4748000,"Memphis city, Tennessee",B07013_013,14045,3327
2017,4748000,"Memphis city, Tennessee",B07013_014,3271,1433
2017,4748000,"Memphis city, Tennessee",B07013_015,10774,2694
2017,4748000,"Memphis city, Tennessee",B07013_016,1742,861
2017,4748000,"Memphis city, Tennessee",B07013_017,1298,754
2017,4748000,"Memphis city, Tennessee",B07013_018,444,354
2018,4748000,"Memphis city, Tennessee",B07013_001,626232,3081
2018,4748000,"Memphis city, Tennessee",B07013_002,298887,12591
2018,4748000,"Memphis city, Tennessee",B07013_003,327345,12273
2018,4748000,"Memphis city, Tennessee",B07013_004,544500,8169
2018,4748000,"Memphis city, Tennessee",B07013_005,280347,12233
2018,4748000,"Memphis city, Tennessee",B07013_006,264153,13365
2018,4748000,"Memphis city, Tennessee",B07013_007,63295,7467
2018,4748000,"Memphis city, Tennessee",B07013_008,14393,3166
2018,4748000,"Memphis city, Tennessee",B07013_009,48902,6613
2018,4748000,"Memphis city, Tennessee",B07013_010,1721,743
2018,4748000,"Memphis city, Tennessee",B07013_011,451,334
2018,4748000,"Memphis city, Tennessee",B07013_012,1270,655
2018,4748000,"Memphis city, Tennessee",B07013_013,14502,3234
2018,4748000,"Memphis city, Tennessee",B07013_014,3024,1013
2018,4748000,"Memphis city, Tennessee",B07013_015,11478,3029
2018,4748000,"Memphis city, Tennessee",B07013_016,2214,965
2018,4748000,"Memphis city, Tennessee",B07013_017,672,412
2018,4748000,"Memphis city, Tennessee",B07013_018,1542,860
2019,4748000,"Memphis city, Tennessee",B07013_001,629249,3072
2019,4748000,"Memphis city, Tennessee",B07013_002,307825,12938
2019,4748000,"Memphis city, Tennessee",B07013_003,321424,12733
2019,4748000,"Memphis city, Tennessee",B07013_004,544605,9983
2019,4748000,"Memphis city, Tennessee",B07013_005,290991,12698
2019,4748000,"Memphis city, Tennessee",B07013_006,253614,14658
2019,4748000,"Memphis city, Tennessee",B07013_007,66572,9302
2019,4748000,"Memphis city, Tennessee",B07013_008,11741,2542
2019,4748000,"Memphis city, Tennessee",B07013_009,54831,8670
2019,4748000,"Memphis city, Tennessee",B07013_010,4069,1772
2019,4748000,"Memphis city, Tennessee",B07013_011,1252,734
2019,4748000,"Memphis city, Tennessee",B07013_012,2817,1646
2019,4748000,"Memphis city, Tennessee",B07013_013,12976,3200
2019,4748000,"Memphis city, Tennessee",B07013_014,3354,1327
2019,4748000,"Memphis city, Tennessee",B07013_015,9622,2514
2019,4748000,"Memphis city, Tennessee",B07013_016,1027,508
2019,4748000,"Memphis city, Tennessee",B07013_017,487,334
2019,4748000,"Memphis city, Tennessee",B07013_018,540,400
2005,4748000,"Memphis city, Tennessee",B07012_001,626042,10247
2005,4748000,"Memphis city, Tennessee",B07012_002,146677,12100
2005,4748000,"Memphis city, Tennessee",B07012_003,68819,9345
2005,4748000,"Memphis city, Tennessee",B07012_004,410546,14873
2005,4748000,"Memphis city, Tennessee",B07012_005,482748,13937
2005,4748000,"Memphis city, Tennessee",B07012_006,93947,9233
2005,4748000,"Memphis city, Tennessee",B07012_007,51154,7596
2005,4748000,"Memphis city, Tennessee",B07012_008,337647,12809
2005,4748000,"Memphis city, Tennessee",B07012_009,113421,11163
2005,4748000,"Memphis city, Tennessee",B07012_010,43764,6902
2005,4748000,"Memphis city, Tennessee",B07012_011,13643,4110
2005,4748000,"Memphis city, Tennessee",B07012_012,56014,9745
2005,4748000,"Memphis city, Tennessee",B07012_013,3645,1517
2005,4748000,"Memphis city, Tennessee",B07012_014,1032,865
2005,4748000,"Memphis city, Tennessee",B07012_015,432,359
2005,4748000,"Memphis city, Tennessee",B07012_016,2181,844
2005,4748000,"Memphis city, Tennessee",B07012_017,23479,4943
2005,4748000,"Memphis city, Tennessee",B07012_018,7420,3114
2005,4748000,"Memphis city, Tennessee",B07012_019,2042,1000
2005,4748000,"Memphis city, Tennessee",B07012_020,14017,3719
2005,4748000,"Memphis city, Tennessee",B07012_021,2749,1633
2005,4748000,"Memphis city, Tennessee",B07012_022,514,398
2005,4748000,"Memphis city, Tennessee",B07012_023,1548,1404
2005,4748000,"Memphis city, Tennessee",B07012_024,687,618
2006,4748000,"Memphis city, Tennessee",B07012_001,610463,10037
2006,4748000,"Memphis city, Tennessee",B07012_002,140732,11351
2006,4748000,"Memphis city, Tennessee",B07012_003,83496,8597
2006,4748000,"Memphis city, Tennessee",B07012_004,386235,12819
2006,4748000,"Memphis city, Tennessee",B07012_005,488363,12254
2006,4748000,"Memphis city, Tennessee",B07012_006,102137,10049
2006,4748000,"Memphis city, Tennessee",B07012_007,61769,7410
2006,4748000,"Memphis city, Tennessee",B07012_008,324457,11791
2006,4748000,"Memphis city, Tennessee",B07012_009,100331,10060
2006,4748000,"Memphis city, Tennessee",B07012_010,35265,6477
2006,4748000,"Memphis city, Tennessee",B07012_011,18016,4700
2006,4748000,"Memphis city, Tennessee",B07012_012,47050,6302
2006,4748000,"Memphis city, Tennessee",B07012_013,4389,2456
2006,4748000,"Memphis city, Tennessee",B07012_014,846,589
2006,4748000,"Memphis city, Tennessee",B07012_015,759,843
2006,4748000,"Memphis city, Tennessee",B07012_016,2784,2237
2006,4748000,"Memphis city, Tennessee",B07012_017,15062,2946
2006,4748000,"Memphis city, Tennessee",B07012_018,2350,1443
2006,4748000,"Memphis city, Tennessee",B07012_019,2225,1133
2006,4748000,"Memphis city, Tennessee",B07012_020,10487,2475
2006,4748000,"Memphis city, Tennessee",B07012_021,2318,879
2006,4748000,"Memphis city, Tennessee",B07012_022,134,110
2006,4748000,"Memphis city, Tennessee",B07012_023,727,616
2006,4748000,"Memphis city, Tennessee",B07012_024,1457,695
2007,4748000,"Memphis city, Tennessee",B07012_001,610668,10228
2007,4748000,"Memphis city, Tennessee",B07012_002,157391,11629
2007,4748000,"Memphis city, Tennessee",B07012_003,64575,7900
2007,4748000,"Memphis city, Tennessee",B07012_004,388702,12509
2007,4748000,"Memphis city, Tennessee",B07012_005,487610,16225
2007,4748000,"Memphis city, Tennessee",B07012_006,113774,10926
2007,4748000,"Memphis city, Tennessee",B07012_007,47783,7969
2007,4748000,"Memphis city, Tennessee",B07012_008,326053,13608
2007,4748000,"Memphis city, Tennessee",B07012_009,100116,10747
2007,4748000,"Memphis city, Tennessee",B07012_010,38808,7307
2007,4748000,"Memphis city, Tennessee",B07012_011,13191,3447
2007,4748000,"Memphis city, Tennessee",B07012_012,48117,7054
2007,4748000,"Memphis city, Tennessee",B07012_013,4357,1314
2007,4748000,"Memphis city, Tennessee",B07012_014,866,547
2007,4748000,"Memphis city, Tennessee",B07012_015,208,205
2007,4748000,"Memphis city, Tennessee",B07012_016,3283,1308
2007,4748000,"Memphis city, Tennessee",B07012_017,15794,2987
2007,4748000,"Memphis city, Tennessee",B07012_018,3322,1515
2007,4748000,"Memphis city, Tennessee",B07012_019,2598,1616
2007,4748000,"Memphis city, Tennessee",B07012_020,9874,1953
2007,4748000,"Memphis city, Tennessee",B07012_021,2791,1272
2007,4748000,"Memphis city, Tennessee",B07012_022,621,421
2007,4748000,"Memphis city, Tennessee",B07012_023,795,916
2007,4748000,"Memphis city, Tennessee",B07012_024,1375,653
2008,4748000,"Memphis city, Tennessee",B07012_001,606232,10742
2008,4748000,"Memphis city, Tennessee",B07012_002,138469,11183
2008,4748000,"Memphis city, Tennessee",B07012_003,75349,8425
2008,4748000,"Memphis city, Tennessee",B07012_004,392414,14047
2008,4748000,"Memphis city, Tennessee",B07012_005,473044,12366
2008,4748000,"Memphis city, Tennessee",B07012_006,91771,9927
2008,4748000,"Memphis city, Tennessee",B07012_007,53773,7027
2008,4748000,"Memphis city, Tennessee",B07012_008,327500,11967
2008,4748000,"Memphis city, Tennessee",B07012_009,110772,9905
2008,4748000,"Memphis city, Tennessee",B07012_010,39136,5961
2008,4748000,"Memphis city, Tennessee",B07012_011,19346,4852
2008,4748000,"Memphis city, Tennessee",B07012_012,52290,6959
2008,4748000,"Memphis city, Tennessee",B07012_013,3497,1114
2008,4748000,"Memphis city, Tennessee",B07012_014,930,676
2008,4748000,"Memphis city, Tennessee",B07012_015,180,216
2008,4748000,"Memphis city, Tennessee",B07012_016,2387,929
2008,4748000,"Memphis city, Tennessee",B07012_017,15042,2336
2008,4748000,"Memphis city, Tennessee",B07012_018,4225,1608
2008,4748000,"Memphis city, Tennessee",B07012_019,1822,958
2008,4748000,"Memphis city, Tennessee",B07012_020,8995,1957
2008,4748000,"Memphis city, Tennessee",B07012_021,3877,2122
2008,4748000,"Memphis city, Tennessee",B07012_022,2407,2027
2008,4748000,"Memphis city, Tennessee",B07012_023,228,186
2008,4748000,"Memphis city, Tennessee",B07012_024,1242,714
2009,4748000,"Memphis city, Tennessee",B07012_001,648845,3638
2009,4748000,"Memphis city, Tennessee",B07012_002,167455,11943
2009,4748000,"Memphis city, Tennessee",B07012_003,88422,10260
2009,4748000,"Memphis city, Tennessee",B07012_004,392968,13323
2009,4748000,"Memphis city, Tennessee",B07012_005,522207,11350
2009,4748000,"Memphis city, Tennessee",B07012_006,119975,11773
2009,4748000,"Memphis city, Tennessee",B07012_007,66675,8932
2009,4748000,"Memphis city, Tennessee",B07012_008,335557,13034
2009,4748000,"Memphis city, Tennessee",B07012_009,103698,10406
2009,4748000,"Memphis city, Tennessee",B07012_010,43040,7861
2009,4748000,"Memphis city, Tennessee",B07012_011,18639,5557
2009,4748000,"Memphis city, Tennessee",B07012_012,42019,4905
2009,4748000,"Memphis city, Tennessee",B07012_013,3937,1345
2009,4748000,"Memphis city, Tennessee",B07012_014,1653,945
2009,4748000,"Memphis city, Tennessee",B07012_015,279,367
2009,4748000,"Memphis city, Tennessee",B07012_016,2005,823
2009,4748000,"Memphis city, Tennessee",B07012_017,17642,3934
2009,4748000,"Memphis city, Tennessee",B07012_018,2294,884
2009,4748000,"Memphis city, Tennessee",B07012_019,2386,1215
2009,4748000,"Memphis city, Tennessee",B07012_020,12962,3486
2009,4748000,"Memphis city, Tennessee",B07012_021,1361,772
2009,4748000,"Memphis city, Tennessee",B07012_022,493,448
2009,4748000,"Memphis city, Tennessee",B07012_023,443,435
2009,4748000,"Memphis city, Tennessee",B07012_024,425,347
2010,4748000,"Memphis city, Tennessee",B07012_001,622792,4078
2010,4748000,"Memphis city, Tennessee",B07012_002,162882,9510
2010,4748000,"Memphis city, Tennessee",B07012_003,77877,8413
2010,4748000,"Memphis city, Tennessee",B07012_004,382033,11794
2010,4748000,"Memphis city, Tennessee",B07012_005,504365,7726
2010,4748000,"Memphis city, Tennessee",B07012_006,115432,7933
2010,4748000,"Memphis city, Tennessee",B07012_007,59489,6841
2010,4748000,"Memphis city, Tennessee",B07012_008,329444,10343
2010,4748000,"Memphis city, Tennessee",B07012_009,98131,7840
2010,4748000,"Memphis city, Tennessee",B07012_010,40869,6322
2010,4748000,"Memphis city, Tennessee",B07012_011,16419,3693
2010,4748000,"Memphis city, Tennessee",B07012_012,40843,4769
2010,4748000,"Memphis city, Tennessee",B07012_013,4400,1828
2010,4748000,"Memphis city, Tennessee",B07012_014,2253,1066
2010,4748000,"Memphis city, Tennessee",B07012_015,956,1154
2010,4748000,"Memphis city, Tennessee",B07012_016,1191,560
2010,4748000,"Memphis city, Tennessee",B07012_017,13943,2547
2010,4748000,"Memphis city, Tennessee",B07012_018,3923,1360
2010,4748000,"Memphis city, Tennessee",B07012_019,1013,805
2010,4748000,"Memphis city, Tennessee",B07012_020,9007,2143
2010,4748000,"Memphis city, Tennessee",B07012_021,1953,910
2010,4748000,"Memphis city, Tennessee",B07012_022,405,360
2010,4748000,"Memphis city, Tennessee",B07012_023,0,287
2010,4748000,"Memphis city, Tennessee",B07012_024,1548,848
2011,4748000,"Memphis city, Tennessee",B07012_001,628620,3004
2011,4748000,"Memphis city, Tennessee",B07012_002,169869,11399
2011,4748000,"Memphis city, Tennessee",B07012_003,86249,9649
2011,4748000,"Memphis city, Tennessee",B07012_004,372502,12111
2011,4748000,"Memphis city, Tennessee",B07012_005,499731,11189
2011,4748000,"Memphis city, Tennessee",B07012_006,118729,11220
2011,4748000,"Memphis city, Tennessee",B07012_007,63836,7911
2011,4748000,"Memphis city, Tennessee",B07012_008,317166,10866
2011,4748000,"Memphis city, Tennessee",B07012_009,107351,10394
2011,4748000,"Memphis city, Tennessee",B07012_010,45126,6911
2011,4748000,"Memphis city, Tennessee",B07012_011,19261,5138
2011,4748000,"Memphis city, Tennessee",B07012_012,42964,7113
2011,4748000,"Memphis city, Tennessee",B07012_013,3622,1287
2011,4748000,"Memphis city, Tennessee",B07012_014,402,242
2011,4748000,"Memphis city, Tennessee",B07012_015,816,556
2011,4748000,"Memphis city, Tennessee",B07012_016,2404,1087
2011,4748000,"Memphis city, Tennessee",B07012_017,15406,3389
2011,4748000,"Memphis city, Tennessee",B07012_018,4660,2265
2011,4748000,"Memphis city, Tennessee",B07012_019,1702,1159
2011,4748000,"Memphis city, Tennessee",B07012_020,9044,2048
2011,4748000,"Memphis city, Tennessee",B07012_021,2510,1303
2011,4748000,"Memphis city, Tennessee",B07012_022,952,840
2011,4748000,"Memphis city, Tennessee",B07012_023,634,502
2011,4748000,"Memphis city, Tennessee",B07012_024,924,576
2012,4748000,"Memphis city, Tennessee",B07012_001,629065,2950
2012,4748000,"Memphis city, Tennessee",B07012_002,176005,9374
2012,4748000,"Memphis city, Tennessee",B07012_003,81169,7922
2012,4748000,"Memphis city, Tennessee",B07012_004,371891,11452
2012,4748000,"Memphis city, Tennessee",B07012_005,512116,7998
2012,4748000,"Memphis city, Tennessee",B07012_006,126534,8148
2012,4748000,"Memphis city, Tennessee",B07012_007,62975,7316
2012,4748000,"Memphis city, Tennessee",B07012_008,322607,10868
2012,4748000,"Memphis city, Tennessee",B07012_009,91099,7687
2012,4748000,"Memphis city, Tennessee",B07012_010,41479,5893
2012,4748000,"Memphis city, Tennessee",B07012_011,15145,3554
2012,4748000,"Memphis city, Tennessee",B07012_012,34475,5918
2012,4748000,"Memphis city, Tennessee",B07012_013,4884,1682
2012,4748000,"Memphis city, Tennessee",B07012_014,1514,828
2012,4748000,"Memphis city, Tennessee",B07012_015,432,288
2012,4748000,"Memphis city, Tennessee",B07012_016,2938,1307
2012,4748000,"Memphis city, Tennessee",B07012_017,18230,3756
2012,4748000,"Memphis city, Tennessee",B07012_018,5024,1725
2012,4748000,"Memphis city, Tennessee",B07012_019,2259,1672
2012,4748000,"Memphis city, Tennessee",B07012_020,10947,2765
2012,4748000,"Memphis city, Tennessee",B07012_021,2736,1163
2012,4748000,"Memphis city, Tennessee",B07012_022,1454,839
2012,4748000,"Memphis city, Tennessee",B07012_023,358,505
2012,4748000,"Memphis city, Tennessee",B07012_024,924,471
2013,4748000,"Memphis city, Tennessee",B07012_001,627554,3046
2013,4748000,"Memphis city, Tennessee",B07012_002,171515,9586
2013,4748000,"Memphis city, Tennessee",B07012_003,85254,7805
2013,4748000,"Memphis city, Tennessee",B07012_004,370785,10884
2013,4748000,"Memphis city, Tennessee",B07012_005,509037,9886
2013,4748000,"Memphis city, Tennessee",B07012_006,131151,10313
2013,4748000,"Memphis city, Tennessee",B07012_007,64908,6937
2013,4748000,"Memphis city, Tennessee",B07012_008,312978,10718
2013,4748000,"Memphis city, Tennessee",B07012_009,95836,8272
2013,4748000,"Memphis city, Tennessee",B07012_010,31559,4547
2013,4748000,"Memphis city, Tennessee",B07012_011,17325,4421
2013,4748000,"Memphis city, Tennessee",B07012_012,46952,5548
2013,4748000,"Memphis city, Tennessee",B07012_013,3855,1406
2013,4748000,"Memphis city, Tennessee",B07012_014,2065,1196
2013,4748000,"Memphis city, Tennessee",B07012_015,43,70
2013,4748000,"Memphis city, Tennessee",B07012_016,1747,685
2013,4748000,"Memphis city, Tennessee",B07012_017,16485,4568
2013,4748000,"Memphis city, Tennessee",B07012_018,5308,3009
2013,4748000,"Memphis city, Tennessee",B07012_019,2744,1606
2013,4748000,"Memphis city, Tennessee",B07012_020,8433,2535
2013,4748000,"Memphis city, Tennessee",B07012_021,2341,1141
2013,4748000,"Memphis city, Tennessee",B07012_022,1432,1031
2013,4748000,"Memphis city, Tennessee",B07012_023,234,276
2013,4748000,"Memphis city, Tennessee",B07012_024,675,517
2014,4748000,"Memphis city, Tennessee",B07012_001,634450,2827
2014,4748000,"Memphis city, Tennessee",B07012_002,188001,9724
2014,4748000,"Memphis city, Tennessee",B07012_003,87202,8450
2014,4748000,"Memphis city, Tennessee",B07012_004,359247,10832
2014,4748000,"Memphis city, Tennessee",B07012_005,511683,9542
2014,4748000,"Memphis city, Tennessee",B07012_006,139623,8611
2014,4748000,"Memphis city, Tennessee",B07012_007,65536,7486
2014,4748000,"Memphis city, Tennessee",B07012_008,306524,10866
2014,4748000,"Memphis city, Tennessee",B07012_009,97079,8126
2014,4748000,"Memphis city, Tennessee",B07012_010,39420,6458
2014,4748000,"Memphis city, Tennessee",B07012_011,18946,5084
2014,4748000,"Memphis city, Tennessee",B07012_012,38713,5082
2014,4748000,"Memphis city, Tennessee",B07012_013,4502,1442
2014,4748000,"Memphis city, Tennessee",B07012_014,1506,653
2014,4748000,"Memphis city, Tennessee",B07012_015,653,587
2014,4748000,"Memphis city, Tennessee",B07012_016,2343,994
2014,4748000,"Memphis city, Tennessee",B07012_017,19441,3939
2014,4748000,"Memphis city, Tennessee",B07012_018,7080,2841
2014,4748000,"Memphis city, Tennessee",B07012_019,1646,887
2014,4748000,"Memphis city, Tennessee",B07012_020,10715,2626
2014,4748000,"Memphis city, Tennessee",B07012_021,1745,770
2014,4748000,"Memphis city, Tennessee",B07012_022,372,277
2014,4748000,"Memphis city, Tennessee",B07012_023,421,408
2014,4748000,"Memphis city, Tennessee",B07012_024,952,560
2015,4748000,"Memphis city, Tennessee",B07012_001,630037,2969
2015,4748000,"Memphis city, Tennessee",B07012_002,163341,9848
2015,4748000,"Memphis city, Tennessee",B07012_003,82520,8971
2015,4748000,"Memphis city, Tennessee",B07012_004,384176,10266
2015,4748000,"Memphis city, Tennessee",B07012_005,525186,8594
2015,4748000,"Memphis city, Tennessee",B07012_006,126603,10147
2015,4748000,"Memphis city, Tennessee",B07012_007,72699,8373
2015,4748000,"Memphis city, Tennessee",B07012_008,325884,10146
2015,4748000,"Memphis city, Tennessee",B07012_009,79861,7459
2015,4748000,"Memphis city, Tennessee",B07012_010,31629,5363
2015,4748000,"Memphis city, Tennessee",B07012_011,7326,2369
2015,4748000,"Memphis city, Tennessee",B07012_012,40906,6414
2015,4748000,"Memphis city, Tennessee",B07012_013,4327,1355
2015,4748000,"Memphis city, Tennessee",B07012_014,961,428
2015,4748000,"Memphis city, Tennessee",B07012_015,273,218
2015,4748000,"Memphis city, Tennessee",B07012_016,3093,1240
2015,4748000,"Memphis city, Tennessee",B07012_017,17723,4189
2015,4748000,"Memphis city, Tennessee",B07012_018,3535,1270
2015,4748000,"Memphis city, Tennessee",B07012_019,1989,1463
2015,4748000,"Memphis city, Tennessee",B07012_020,12199,3905
2015,4748000,"Memphis city, Tennessee",B07012_021,2940,1825
2015,4748000,"Memphis city, Tennessee",B07012_022,613,676
2015,4748000,"Memphis city, Tennessee",B07012_023,233,230
2015,4748000,"Memphis city, Tennessee",B07012_024,2094,1671
2016,4748000,"Memphis city, Tennessee",B07012_001,627525,2875
2016,4748000,"Memphis city, Tennessee",B07012_002,167093,11174
2016,4748000,"Memphis city, Tennessee",B07012_003,72974,6541
2016,4748000,"Memphis city, Tennessee",B07012_004,387458,12102
2016,4748000,"Memphis city, Tennessee",B07012_005,519608,10619
2016,4748000,"Memphis city, Tennessee",B07012_006,123761,9260
2016,4748000,"Memphis city, Tennessee",B07012_007,59927,5960
2016,4748000,"Memphis city, Tennessee",B07012_008,335920,12859
2016,4748000,"Memphis city, Tennessee",B07012_009,88554,10229
2016,4748000,"Memphis city, Tennessee",B07012_010,36771,6299
2016,4748000,"Memphis city, Tennessee",B07012_011,11909,3223
2016,4748000,"Memphis city, Tennessee",B07012_012,39874,5469
2016,4748000,"Memphis city, Tennessee",B07012_013,5592,2666
2016,4748000,"Memphis city, Tennessee",B07012_014,1605,1304
2016,4748000,"Memphis city, Tennessee",B07012_015,45,75
2016,4748000,"Memphis city, Tennessee",B07012_016,3942,2319
2016,4748000,"Memphis city, Tennessee",B07012_017,12217,2471
2016,4748000,"Memphis city, Tennessee",B07012_018,4785,1817
2016,4748000,"Memphis city, Tennessee",B07012_019,862,528
2016,4748000,"Memphis city, Tennessee",B07012_020,6570,1735
2016,4748000,"Memphis city, Tennessee",B07012_021,1554,947
2016,4748000,"Memphis city, Tennessee",B07012_022,171,176
2016,4748000,"Memphis city, Tennessee",B07012_023,231,361
2016,4748000,"Memphis city, Tennessee",B07012_024,1152,733
2017,4748000,"Memphis city, Tennessee",B07012_001,631186,2645
2017,4748000,"Memphis city, Tennessee",B07012_002,154252,10420
2017,4748000,"Memphis city, Tennessee",B07012_003,82683,9405
2017,4748000,"Memphis city, Tennessee",B07012_004,394251,12775
2017,4748000,"Memphis city, Tennessee",B07012_005,533798,8221
2017,4748000,"Memphis city, Tennessee",B07012_006,125064,10023
2017,4748000,"Memphis city, Tennessee",B07012_007,68574,8539
2017,4748000,"Memphis city, Tennessee",B07012_008,340160,13211
2017,4748000,"Memphis city, Tennessee",B07012_009,76175,7916
2017,4748000,"Memphis city, Tennessee",B07012_010,24087,5348
2017,4748000,"Memphis city, Tennessee",B07012_011,11012,3501
2017,4748000,"Memphis city, Tennessee",B07012_012,41076,4849
2017,4748000,"Memphis city, Tennessee",B07012_013,5325,1942
2017,4748000,"Memphis city, Tennessee",B07012_014,1257,669
2017,4748000,"Memphis city, Tennessee",B07012_015,1269,1074
2017,4748000,"Memphis city, Tennessee",B07012_016,2799,1891
2017,4748000,"Memphis city, Tennessee",B07012_017,14146,3351
2017,4748000,"Memphis city, Tennessee",B07012_018,3042,1534
2017,4748000,"Memphis city, Tennessee",B07012_019,1671,879
2017,4748000,"Memphis city, Tennessee",B07012_020,9433,2692
2017,4748000,"Memphis city, Tennessee",B07012_021,1742,861
2017,4748000,"Memphis city, Tennessee",B07012_022,802,576
2017,4748000,"Memphis city, Tennessee",B07012_023,157,199
2017,4748000,"Memphis city, Tennessee",B07012_024,783,597
2018,4748000,"Memphis city, Tennessee",B07012_001,626336,3138
2018,4748000,"Memphis city, Tennessee",B07012_002,170291,14063
2018,4748000,"Memphis city, Tennessee",B07012_003,68827,7410
2018,4748000,"Memphis city, Tennessee",B07012_004,387218,13436
2018,4748000,"Memphis city, Tennessee",B07012_005,544230,8258
2018,4748000,"Memphis city, Tennessee",B07012_006,143094,13875
2018,4748000,"Memphis city, Tennessee",B07012_007,59994,7528
2018,4748000,"Memphis city, Tennessee",B07012_008,341142,13507
2018,4748000,"Memphis city, Tennessee",B07012_009,63289,7345
2018,4748000,"Memphis city, Tennessee",B07012_010,21495,4224
2018,4748000,"Memphis city, Tennessee",B07012_011,7235,2255
2018,4748000,"Memphis city, Tennessee",B07012_012,34559,4869
2018,4748000,"Memphis city, Tennessee",B07012_013,1746,745
2018,4748000,"Memphis city, Tennessee",B07012_014,642,362
2018,4748000,"Memphis city, Tennessee",B07012_015,75,115
2018,4748000,"Memphis city, Tennessee",B07012_016,1029,597
2018,4748000,"Memphis city, Tennessee",B07012_017,14857,3236
2018,4748000,"Memphis city, Tennessee",B07012_018,4149,1866
2018,4748000,"Memphis city, Tennessee",B07012_019,1256,957
2018,4748000,"Memphis city, Tennessee",B07012_020,9452,2636
2018,4748000,"Memphis city, Tennessee",B07012_021,2214,965
2018,4748000,"Memphis city, Tennessee",B07012_022,911,610
2018,4748000,"Memphis city, Tennessee",B07012_023,267,465
2018,4748000,"Memphis city, Tennessee",B07012_024,1036,619
2019,4748000,"Memphis city, Tennessee",B07012_001,627591,3294
2019,4748000,"Memphis city, Tennessee",B07012_002,134840,12349
2019,4748000,"Memphis city, Tennessee",B07012_003,74342,10742
2019,4748000,"Memphis city, Tennessee",B07012_004,418409,15458
2019,4748000,"Memphis city, Tennessee",B07012_005,543138,10068
2019,4748000,"Memphis city, Tennessee",B07012_006,107734,11320
2019,4748000,"Memphis city, Tennessee",B07012_007,64463,10344
2019,4748000,"Memphis city, Tennessee",B07012_008,370941,16087
2019,4748000,"Memphis city, Tennessee",B07012_009,65884,9210
2019,4748000,"Memphis city, Tennessee",B07012_010,22932,6413
2019,4748000,"Memphis city, Tennessee",B07012_011,8771,3258
2019,4748000,"Memphis city, Tennessee",B07012_012,34181,5359
2019,4748000,"Memphis city, Tennessee",B07012_013,4448,1842
2019,4748000,"Memphis city, Tennessee",B07012_014,1114,754
2019,4748000,"Memphis city, Tennessee",B07012_015,249,305
2019,4748000,"Memphis city, Tennessee",B07012_016,3085,1593
2019,4748000,"Memphis city, Tennessee",B07012_017,13094,3227
2019,4748000,"Memphis city, Tennessee",B07012_018,2855,1826
2019,4748000,"Memphis city, Tennessee",B07012_019,755,494
2019,4748000,"Memphis city, Tennessee",B07012_020,9484,2427
2019,4748000,"Memphis city, Tennessee",B07012_021,1027,508
2019,4748000,"Memphis city, Tennessee",B07012_022,205,210
2019,4748000,"Memphis city, Tennessee",B07012_023,104,173
2019,4748000,"Memphis city, Tennessee",B07012_024,718,408
